0A,GNT,Amber Air,GINTA,Lithuania,,
0B,JOR,Blue Air,BLUE TRANSPORT,Romania,,
0C,IBL,IBL Aviation,CATOVAIR,Mauritius,,
0D,DWT,Darwin Airline,DARWIN,Switzerland,,
0J,JCS,Jetclub,JETCLUB,Switzerland,,
1A,AGT,Amadeus Global Travel Distribution,AMADEUS,Spain,,
1I,PZR,Sky Trek International Airlines,PHAZER,United States,,
1L,OSY,Open Skies Consultative Commission,OPEN SKIES,United States,,
1T,RNX,1Time Airline,NEXTIME,South Africa,,
1W,WON,Wings Air,WINGS ABADI,Indonesia,,
1Z,APD,Sabre Pacific,,Australia,,
2B,ARD,Aerocondor,AEROCONDOR,Portugal,,
2F,FTA,Frontier Flying Service,FRONTIER-AIR,United States,,
2G,MRR,San Juan Airlines,MARINER,United States,,
2J,VBW,Air Burkina,BURKINA,Burkina Faso,,
2K,GLG,Aerogal,AEROGAL,Ecuador,,
2L,OAW,Helvetic Airways,HELVETIC,Switzerland,,
2M,MDV,Moldavian Airlines,MOLDAVIAN,Moldova,,
2N,NTJ,NextJet,NEXTJET,Sweden,,
2O,RNE,Air Salone,AIR SALONE,Sierra Leone,,
2P,GAP,Air Philippines,ORIENT PACIFIC,Philippines,,
2Q,SNC,Air Cargo Carriers,NIGHT CARGO,United States,,
2S,SDY,Island Express,SANDY ISLE,United States,,
2T,HAM,Haiti Ambassador Airlines,,Haiti,,
2U,GIP,Air Guinee Express,FUTURE EXPRESS,Guinea,,
2W,WLC,Welcome Air,WELCOMEAIR,Austria,,
2Z,CGN,Chang'an Airlines,CHANGAN,China,,
3B,CCG,Central Connect Airlines,,Czech Republic,,
3C,CEA,RegionsAir,CORP-X,United States,,
3G,AYZ,Atlant-Soyuz Airlines,ATLANT-SOYUZ,Russia,,
3J,WZP,Zip,ZIPPER,Canada,,
3K,JSA,Jetstar Asia Airways,JETSTAR ASIA,Singapore,,
3N,URG,Air Urga,URGA,Ukraine,,
3P,TNM,Tiara Air,TIARA,Aruba,,
3R,GAI,Moskovia Airlines,GROMOV AIRLINE,Russia,,
3S,BOX,Aerologic,GERMAN CARGO,Germany,,
3T,URN,Turan Air,TURAN,Azerbaijan,,
3U,CSC,Sichuan Airlines,SI CHUAN,China,,
3V,TAY,TNT Airways,QUALITY,Belgium,,
3W,EMX,Euromanx Airways,EUROMANX,Austria,,
4A,AKL,Air Kiribati,,Kiribati,,
4C,ARE,"Aires, Aerovías de Integración Regional, S.A.",AIRES,Colombia,,
4D,ASD,Air Sinai,AIR SINAI,Egypt,,
4F,ECE,Air City,AIRCITY,Germany,,
4G,GZP,Gazpromavia,GAZPROMAVIA,Russia,,
4K,AAS,Askari Aviation,AL-ASS,Pakistan,,
4M,DSM,Aero 2000,LAN AR,Argentina,,
4N,ANT,Air North Charter - Canada,AIR NORTH,Canada,,
4R,HHI,Hamburg International,HAMBURG JET,Germany,,
4S,FNC,Finalair Congo,FINALAIR CONGO,Republic of the Congo,,
4T,BHP,Belair Airlines,BELAIR,Switzerland,,
4U,GWI,Germanwings,GERMAN WINGS,Germany,,
4Y,UYA,Yute Air Alaska,,United States,,
5A,AIP,Alpine Air Express,ALPINE AIR,United States,,
5C,ICL,CAL Cargo Air Lines,CAL,Israel,,
5D,SLI,Aerolitoral,COSTERA,Mexico,,
5F,CIR,Arctic Circle Air Service,AIR ARCTIC,United States,,
5J,CEB,Cebu Pacific,CEBU AIR,Philippines,,
5K,HFY,Hi Fly,SKY FLYER,Portugal,,
5L,ASU,Aerosur,AEROSUR,Bolivia,,
5M,SIB,Sibaviatrans,SIBAVIA,Russia,,
5N,AUL,Nordavia,ARCHANGELSK AIR,Russia,,
5O,FPO,Europe Airpost,FRENCH POST,France,,
5T,MPE,Canadian North,EMPRESS,Canada,,
5V,UKW,Lviv Airlines,UKRAINE WEST,Ukraine,,
5W,AEU,Astraeus,FLYSTAR,United Kingdom,,
5X,UPS,United Parcel Service,UPS,United States,,
5Y,GTI,Atlas Air,GIANT,United States,,
5Z,BML,Bismillah Airlines,BISMILLAH,Bangladesh,,
6A,CHP,Aviacsa,AVIACSA,Mexico,,
6B,BLX,TUIfly Nordic,BLUESCAN,Sweden,,
6E,IGO,IndiGo Airlines,IFLY,India,,
6G,AWW,Air Wales,RED DRAGON,United Kingdom,,
6H,ISR,Israir,ISRAIR,Israel,,
6I,IBZ,International Business Air,INTERBIZ,Sweden,,
6J,SNJ,Skynet Asia Airways,NEWSKY,Japan,,
6K,RIT,Asian Spirit,ASIAN SPIRIT,Philippines,,
6N,NRD,Nordic Regional,NORTH RIDER,Sweden,,
6P,ISG,Club Air,CLUBAIR,Italy,,
6Q,SLL,Slovak Airlines,SLOV LINE,Slovakia,,
6R,DRU,Alrosa Mirny Air Enterprise,MIRNY,Russia,,
6U,UKR,Air Ukraine,AIR UKRAINE,Ukraine,,
6V,VGA,Air Vegas,AIR VEGAS,United States,,
6W,SOV,Saratov Aviation Division,SARATOV AIR,Russia,,
6Z,UKS,Ukrainian Cargo Airways,CARGOTRANS,Ukraine,,
7C,JJA,Jeju Air,JEJU AIR,Republic of Korea,,
7E,AWU,Sylt Air GmbH,SYLT-AIR,Germany,,
7F,FAB,First Air,FIRST AIR,Canada,,
7G,SFJ,Star Flyer,STARFLYER,Japan,,
7K,KGL,Kogalymavia Air Company,KOGALYM,Russia,,
7L,ERO,Sun D'Or,ECHO ROMEO,Israel,,
7N,CNA,Centavia,,Serbia,,
7O,GAL,Galaxy Air,GALAXY,Kyrgyzstan,,
7R,BRB,BRA-Transportes Aéreos,BRA-TRANSPAEREOS,Brazil,,
7S,RCT,Ryan Air Service,ARCTIC TRANSPORT,United States,,
7T,AGV,Air Glaciers,AIR GLACIERS,Switzerland,,
8A,BMM,Atlas Blue,ATLAS BLUE,Morocco,,
8B,GFI,Caribbean Star Airlines,CARIB STAR,Antigua and Barbuda,,
8C,ATN,Air Transport International,AIR TRANSPORT,United States,,
8D,EXV,Expo Aviation,EXPOAVIA,Sri Lanka,,
8E,BRG,Bering Air,BERING AIR,United States,,
8F,FFR,Fischer Air,FISCHER,Czech Republic,,
8H,HFR,Heli France,HELIFRANCE,France,,
8J,KMV,Komiinteravia,KOMIINTER,Russia,,
8L,RHC,Redhill Aviation,REDAIR,United Kingdom,,
8M,MXL,Maxair,MAXAIR,Sweden,,
8N,NKF,Barents AirLink,NORDFLIGHT,Sweden,,
8O,YWZ,West Coast Air,COAST AIR,Canada,,
8P,PCO,Pacific Coastal Airline,PASCO,Canada,,
8Q,BAJ,Baker Aviation,BAKER AVIATION,United States,,
8R,TIB,TRIP Linhas Aéreas,TRIP,Brazil,,
8T,TID,Air Tindi,,Canada,,
8U,AAW,Afriqiyah Airways,AFRIQIYAH,Libya,,
8V,WRF,Wright Air Service,WRIGHT FLYER,United States,,
8W,PWF,Private Wings Flugcharter,PRIVATE WINGS,Germany,,
8Y,CYZ,China Postal Airlines,CHINA POST,China,,
9C,CQH,Spring Airlines,AIR SPRING,China,,
9E,FLG,Pinnacle Airlines,FLAGSHIP,United States,,
9I,TKY,Thai Sky Airlines,THAI SKY,Thailand,,
9K,KAP,Cape Air,CAIR,United States,,
9L,CJC,Colgan Air,COLGAN,United States,,
9Q,PBA,PB Air,PEEBEE AIR,Thailand,,
9R,VAP,Phuket Air,PHUKET AIR,Thailand,,
9T,ABS,Transwest Air,ATHABASKA,Canada,,
9U,MLD,Air Moldova,AIR MOLDOVA,Moldova,,
9W,JAI,Jet Airways,JET AIRWAYS,India,,
A2,CIU,Cielos Airlines,CIELOS,Peru,,
A3,AEE,Aegean Airlines,AEGEAN,Greece,,
A4,SWD,Southern Winds Airlines,SOUTHERN WINDS,Argentina,,
A5,RLA,Airlinair,AIRLINAIR,France,,
A6,LPV,Air Alps Aviation,ALPAV,Austria,,
A7,MPD,Air Plus Comet,RED COMET,Spain,,
A8,BGL,Benin Golf Air,BENIN GOLF,Benin,,
A9,TGZ,Georgian Airways,TAMAZI,Georgia,,
AA,AAL,American Airlines,AMERICAN,United States,,
AB,BER,Air Berlin,AIR BERLIN,Germany,,
AC,ACA,Air Canada,AIR CANADA,Canada,,
AD,AZU,Azul Linhas Aéreas Brasileiras,Azul,Brazil,,
AE,MDA,Mandarin Airlines,MANDARIN,Taiwan,,
AF,AFR,Air France,AIRFRANS,France,,
AH,DAH,Air Algérie,AIR ALGERIE,Algeria,,
AI,AIC,Air India Limited,AIRINDIA,India,,
AJ,NIG,Aero Contractors,AEROLINE,Nigeria,,
AK,AXM,AirAsia,ASIAN EXPRESS,Malaysia,,
AL,SYX,Skywalk Airlines,SKYWAY-EX,United States,,
AM,AMX,Aeroméxico,AEROMEXICO,Mexico,,
AO,AUZ,Australian Airlines,AUSTRALIAN,Australia,,
AP,AIB,Airbus Industrie,AIRBUS INDUSTRIE,France,,
AQ,AAH,Aloha Air Cargo,ALOHA,United States,,
AR,ARG,Aerolíneas Argentinas,ARGENTINA,Argentina,,
AS,ASA,"Alaska Airlines, Inc.",ALASKA,United States,,
AT,RAM,Royal Air Maroc,ROYALAIR MAROC,Morocco,,
AU,AUT,Austral Líneas Aéreas,AUSTRAL,Argentina,,
AV,AVA,"Avianca - Aerovías Nacionales de Colombia, S.A.",AVIANCA,Colombia,,
AW,AFW,Africa World Airlines,BLACKSTAR,Ghana,,
AX,LOF,Trans States Airlines,WATERSKI,United States,,
AY,FIN,Finnair,FINNAIR,Finland,,
AZ,AZA,Alitalia,ALITALIA,Italy,,
B2,BRU,Belavia Belarusian Airlines,BELARUS AVIA,Belarus,,
B3,BLV,Bellview Airlines,BELLVIEW AIRLINES,Nigeria,,
B4,BKA,Bankair,BANKAIR,United States,,
B6,JBU,JetBlue Airways,JETBLUE,United States,,
B8,ERT,Eritrean Airlines,ERITREAN,Eritrea,,
B9,BGD,Air Bangladesh,AIR BANGLA,Bangladesh,,
BA,BAW,British Airways,SPEEDBIRD,United Kingdom,,
BB,SBS,Seaborne Airlines,SEABORNE,United States,,
BC,SKY,Skymark Airlines,SKYMARK,Japan,,
BD,BMA,BMI,MIDLAND,United Kingdom,,
BE,BEE,Flybe,JERSEY,United Kingdom,,
BF,BBD,Bluebird Cargo,BLUE CARGO,Iceland,,
BG,BBC,Biman Bangladesh Airlines,BANGLADESH,Bangladesh,,
BI,RBA,Royal Brunei Airlines,BRUNEI,Brunei,,
BJ,LBT,Nouvel Air Tunisie,NOUVELAIR,Tunisia,,
BK,PDC,Potomac Air,DISTRICT,United States,,
BL,PIC,Pacific Airlines,PACIFIC AIRLINES,Vietnam,,
BM,BYE,Bayu Indonesia Air,BAYU,Indonesia,,
BN,HZA,Horizon Airlines,HORIZON,Australia,,
BO,BOU,Bouraq Indonesia Airlines,BOURAQ,Indonesia,,
BP,BOT,Air Botswana,BOTSWANA,Botswana,,
BR,EVA,EVA Air,EVA,Taiwan,,
BS,BIH,British International Helicopters,BRINTEL,United Kingdom,,
BT,BTI,Air Baltic,AIRBALTIC,Latvia,,
BV,BPA,Blue Panorama Airlines,BLUE PANOROMA,Italy,,
BW,BWA,Caribbean Airlines,CARIBBEAN,Trinidad and Tobago,,
BX,ABL,Air Busan,,Republic of Korea,,
BY,TOM,Thomson Airways,TOMSON,United Kingdom,,
BZ,KEE,Keystone Air Service,KEYSTONE,Canada,,
C0,CLW,Centralwings,CENTRALWINGS,Poland,,
C3,IPR,Independent Carrier (ICAR),ICAR,Ukraine,,
C4,IMX,Zimex Aviation,ZIMEX,Switzerland,,
C5,UCA,CommutAir,COMMUTAIR,United States,,
C6,CJA,CanJet,CANJET,Canada,,
C7,RLE,Rico Linhas Aéreas,RICO,Brazil,,
C8,ICV,Cargolux Italia,CARGO MED,Italy,,
C9,RUS,Cirrus Airlines,CIRRUS AIR,Germany,,
CA,CCA,Air China,AIR CHINA,China,,
CC,ABD,Air Atlanta Icelandic,ATLANTA,Iceland,,
CD,LLR,Alliance Air,ALLIED,India,,
CE,NTW,Nationwide Airlines,NATIONWIDE,South Africa,,
CF,SDR,City Airline,SWEDESTAR,Sweden,,
CG,TOK,Airlines PNG,BALUS,Papua New Guinea,,
CH,BMJ,Bemidji Airlines,BEMIDJI,United States,,
CI,CAL,China Airlines,DYNASTY,Taiwan,,
CJ,CFE,CityFlyer Express,FLYER,United Kingdom,,
CK,CKK,China Cargo Airlines,CARGO KING,China,,
CL,CLH,Lufthansa CityLine,HANSALINE,Germany,,
CM,CMP,Copa Airlines,COPA,Panama,,
CN,WWD,Westward Airways,WESTWARD,United States,,
CO,COA,Continental Airlines,CONTINENTAL,United States,,
CP,CPZ,Compass Airlines,Compass Rose,United States,,
CQ,EXL,Sunshine Express Airlines,,Australia,,
CR,ABC,OAG,,United Kingdom,,
CS,CMI,Continental Micronesia,AIR MIKE,United States,,
CU,CUB,Cubana de Aviación,CUBANA,Cuba,,
CV,CLX,Cargolux,CARGOLUX,Luxembourg,,
CW,CWM,Air Marshall Islands,AIR MARSHALLS,Marshall Islands,,
CX,CPA,Cathay Pacific,CATHAY,Hong Kong SAR of China,,
CY,CYP,Cyprus Airways,CYPRUS,Cyprus,,
CZ,CSN,China Southern Airlines,CHINA SOUTHERN,China,,
D3,DAO,Daallo Airlines,DALO AIRLINES,Djibouti,,
D4,LID,Alidaunia,ALIDA,Italy,,
D5,DAU,Dauair,DAUAIR,Germany,,
D6,ILN,Interair South Africa,INLINE,South Africa,,
D7,XAX,AirAsia X,XANADU,Malaysia,,
D8,DJB,Djibouti Airlines,DJIBOUTI AIR,Djibouti,,
D9,DNV,Donavia,DONAVIA,Russia,,
DA,GRG,Air Georgia,AIR GEORGIA,Georgia,,
DB,BZH,Brit Air,BRITAIR,France,,
DC,GAO,Golden Air,GOLDEN,Sweden,,
DD,NOK,Nok Air,NOK AIR,Thailand,,
DE,CFG,Condor Flugdienst,CONDOR,Germany,,
DG,SRQ,South East Asian Airlines,SEAIR,Philippines,,
DH,DVA,Discovery Airways,DISCOVERY AIRWAYS,United States,,
DI,BAG,Dba,SPEEDWAY,Germany,,
DJ,VOZ,Virgin Australia,VIRGIN,Australia,,
DK,ELA,Eastland Air,,Australia,,
DL,DAL,Delta Air Lines,DELTA,United States,,
DP,FCA,First Choice Airways,JETSET,United Kingdom,,
DR,BIE,Air Mediterranee,MEDITERRANEE,France,,
DT,DTA,TAAG Angola Airlines,DTA,Angola,,
DU,HMS,Hemus Air,HEMUS AIR,Bulgaria,,
DV,ACK,Nantucket Airlines,ACK AIR,United States,,
DW,UCR,Aero-Charter Ukraine,CHARTER UKRAINE,Ukraine,,
DX,DTR,DAT Danish Air Transport,DANISH,Denmark,,
DY,NAX,Norwegian Air Shuttle,NOR SHUTTLE,Norway,,
E0,ESS,Eos Airlines,NEW DAWN,United States,,
E2,KMP,Kampuchea Airlines,KAMPUCHEA,Cambodia,,
E4,RSO,Aero Asia International,AERO ASIA,Pakistan,,
E7,EAF,European Aviation Air Charter,EUROCHARTER,United Kingdom,,
E8,ELG,Alpi Eagles,ALPI EAGLES,Italy,,
E9,CXS,Boston-Maine Airways,CLIPPER CONNECTION,United States,,
EA,EAL,European Air Express,STAR WING,Germany,,
EC,TWN,Avialeasing Aviation Company,TWINARROW,Uzbekistan,,
ED,ABQ,Airblue,PAKBLUE,Pakistan,,
EF,EFA,Far Eastern Air Transport,Far Eastern,Taiwan,,
EG,JAA,Japan Asia Airways,ASIA,Japan,,
EH,AKX,Air Nippon Network Co. Ltd.,ALFA WING,Japan,,
EI,EIN,Aer Lingus,SHAMROCK,Ireland,,
EJ,NEA,New England Airlines,NEW ENGLAND,United States,,
EK,UAE,Emirates Airline,EMIRATES,United Arab Emirates,,
EL,ANK,Air Nippon,ANK AIR,Japan,,
EM,CFS,Empire Airlines,EMPIRE AIR,United States,,
EN,DLA,Air Dolomiti,DOLOMITI,Italy,,
EO,ALX,Hewa Bora Airways,ALLCONGO,Democratic Republic of the Congo,,
EP,IRC,Iran Aseman Airlines,ASEMAN,Iran,,
EQ,TAE,TAME,TAME,Ecuador,,
ER,DHL,Astar Air Cargo,D-H-L,United States,,
ES,DHX,DHL International,DILMUN,Bahrain,,
ET,ETH,Ethiopian Airlines,ETHIOPIAN,Ethiopia,,
EU,EEA,Empresa Ecuatoriana De Aviación,ECUATORIANA,Ecuador,,
EV,ASQ,Atlantic Southeast Airlines,ACEY,United States,,
EW,EWG,Eurowings,EUROWINGS,Germany,,
EX,SDO,Air Santo Domingo,AERO DOMINGO,Dominican Republic,,
EY,EFL,Eagle Air,FLYING EAGLE,Tanzania,,
EZ,EIA,Evergreen International Airlines,EVERGREEN,United States,,
F2,FLM,Fly Air,FLY WORLD,Turkey,,
F3,FSW,Faso Airways,FASO,Burkina Faso,,
F4,NBK,Albarka Air,AL-AIR,Nigeria,,
F5,COZ,Cosmic Air,COSMIC AIR,Nepal,,
F6,RCK,Faroejet,ROCKROSE,Faroe Islands,,
F7,BBO,Flybaboo,BABOO,Switzerland,,
F9,FFT,Frontier Airlines,FRONTIER FLIGHT,United States,,
FA,SFR,Safair,CARGO,South Africa,,
FB,LZB,Bulgaria Air,FLYING BULGARIA,Bulgaria,,
FC,WBA,Finncomm Airlines,WESTBIRD,Finland,,
FD,AIQ,Thai AirAsia,THAI ASIA,Thailand,,
FE,WCP,Primaris Airlines,WHITECAP,United States,,
FG,AFG,Ariana Afghan Airlines,ARIANA,Afghanistan,,
FH,FHY,Freebird Airlines,FREEBIRD AIR,Turkey,,
FI,ICE,Icelandair,ICEAIR,Iceland,,
FJ,FJI,Air Pacific,PACIFIC,Fiji,,
FK,WTA,Africa West,WEST TOGO,Togo,,
FL,TRS,AirTran Airways,CITRUS,United States,,
FM,CSH,Shanghai Airlines,SHANGHAI AIR,China,,
FN,RGL,Regional Air Lines,MAROC REGIONAL,Morocco,,
FO,ATM,Airlines of Tasmania,AIRTAS,Australia,,
FP,FRE,Freedom Air,FREEDOM,United States,,
FQ,TCW,Thomas Cook Airlines,THOMAS COOK,Belgium,,
FR,RYR,Ryanair,RYANAIR,Ireland,,
FS,ACL,Itali Airlines,SPADA,Italy,,
FT,SRH,Siem Reap Airways,SIEMREAP AIR,Cambodia,,
FV,SDM,Rossiya,RUSSIA,Russia,,
FW,IBX,Ibex Airlines,IBEX,Japan,,
FX,FDX,Federal Express,FEDEX,United States,,
FY,FFM,Firefly,FIREFLY,Malaysia,,
FZ,FDB,Flydubai,SKYDUBAI,UAE,,
G0,GHB,Ghana International Airlines,GHANA AIRLINES,Ghana,,
G2,VXG,Avirex,AVIREX-GABON,Gabon,,
G3,GLO,Gol Transportes Aéreos,GOL TRANSPORTE,Brazil,,
G4,AAY,Allegiant Air,ALLEGIANT,United States,,
G5,HXA,China Express Airlines,CHINA EXPRESS,China,,
G6,BSR,Guine Bissaur Airlines,BISSAU AIRLINES,Guinea-Bissau,,
G7,GJS,GoJet Airlines,LINDBERGH,United States,,
G8,GUJ,Gujarat Airways,GUJARATAIR,India,,
G9,ABY,Air Arabia,ARABIA,United Arab Emirates,,
GA,GIA,Garuda Indonesia,INDONESIA,Indonesia,,
GB,ABX,ABX Air,ABEX,United States,,
GC,GNR,Gambia International Airlines,GAMBIA INTERNATIONAL,Gambia,,
GD,AHA,Air Alpha Greenland,AIR ALPHA,Denmark,,
GE,TNA,TransAsia Airways,TransAsia,Taiwan,,
GF,GBA,Gulf Air Bahrain,GULF BAHRAIN,Bahrain,,
GG,GUY,Air Guyane,GREEN BIRD,French Guiana,,
GH,GHA,Ghana Airways,GHANA,Ghana,,
GI,IKA,Itek Air,ITEK-AIR,Kyrgyzstan,,
GJ,MXC,Compania Mexicargo,MEXICARGO,Mexico,,
GL,BSK,Miami Air International,BISCAYNE,United States,,
GM,SVK,Air Slovakia,SLOVAKIA,Slovakia,,
GO,KZU,Kuzu Airlines Cargo,KUZU CARGO,Turkey,,
GP,GES,Gestair,GESTAIR,Spain,,
GQ,BSY,Big Sky Airlines,BIG SKY,United States,,
GR,GCO,Gemini Air Cargo,GEMINI,United States,,
GS,GUN,Grant Aviation,HOOT,United States,,
GT,GBL,GB Airways,GEEBEE AIRWAYS,United Kingdom,,
GW,KIL,Kuban Airlines,AIR KUBAN,Russia,,
GX,JXX,JetX Airlines,JETBIRD,Iceland,,
GY,TMG,Tri-MG Intra Asia Airlines,TRILINES,Indonesia,,
GZ,RAR,Air Rarotonga,AIR RAROTONGA,Cook Islands,,
H2,SKU,Sky Airline,AEROSKY,Chile,,
H4,IIN,Inter Islands Airlines,,Cape Verde,,
H5,HOA,Hola Airlines,HOLA,Spain,,
H6,HAG,Hageland Aviation Services,HAGELAND,United States,,
H7,EGU,Eagle Air,AFRICAN EAGLE,Uganda,,
H8,KHB,Dalavia,DALAVIA,Russia,,
H9,PGT,Pegasus Airlines,SUNTURK,Turkey,,
HA,HAL,Hawaiian Airlines,HAWAIIAN,United States,,
HB,HAR,Harbor Airlines,HARBOR,United States,,
HC,ATI,Aero-Tropics Air Services,,Australia,,
HD,ADO,Hokkaido International Airlines,AIR DO,Japan,,
HE,LGW,Luftfahrtgesellschaft Walter,WALTER,Germany,,
HF,HLF,Hapagfly,HAPAG LLOYD,Germany,,
HG,NLY,Niki,FLYNIKI,Austria,,
HJ,AXF,Asian Express Airlines,FREIGHTEXPRESS,Australia,,
HK,FSC,Four Star Aviation / Four Star Cargo,FOUR STAR,United States,,
HM,SEY,Air Seychelles,SEYCHELLES,Seychelles,,
HN,HVY,Heavylift Cargo Airlines,HEAVY CARGO,Australia,,
HO,DJA,Antinea Airlines,ANTINEA,Algeria,,
HP,AWE,America West Airlines,CACTUS,United States,,
HQ,HMY,Harmony Airways,HARMONY,Canada,,
HR,HHN,Hahn Air,ROOSTER,Germany,,
HU,CHH,Hainan Airlines,HAINAN,China,,
HV,TRA,Transavia Holland,TRANSAVIA,Netherlands,,
HW,NWL,North-Wright Airways,NORTHWRIGHT,Canada,,
HX,CRK,Hong Kong Airlines,BAUHINIA,Hong Kong SAR of China,,
HY,UZB,Uzbekistan Airways,UZBEK,Uzbekistan,,
HZ,SOZ,Sat Airlines,SATCO,Kazakhstan,,
I4,FWA,Interstate Airlines,FREEWAYAIR,Netherlands,,
I6,SEQ,Sky Eyes,SKY EYES,Thailand,,
I7,PMW,Paramount Airways,PARAWAY,India,,
I9,IBU,Indigo,INDIGO BLUE,United States,,
IA,IAW,Iraqi Airways,IRAQI,Iraq,,
IB,IBE,Iberia Airlines,IBERIA,Spain,,
IC,IAC,Indian Airlines,INDAIR,India,,
ID,ITK,Interlink Airlines,INTERLINK,South Africa,,
IE,SOL,Solomon Airlines,SOLOMON,Solomon Islands,,
IF,ISW,Islas Airways,PINTADERA,Spain,,
IG,ISS,Meridiana,MERAIR,Italy,,
IH,MZA,Irtysh Air,IRTYSH AIRLINES,Kazakhstan,,
II,CSQ,IBC Airways,CHASQUI,United States,,
IJ,GWL,Great Wall Airlines,GREAT WALL,China,,
IK,LKN,Lankair,Lankair,Sri Lanka,,
IM,MNJ,Menajet,MENAJET,Lebanon,,
IN,MAK,MAT Macedonian Airlines,MAKAVIO,Macedonia,,
IO,IAA,Indonesian Airlines,INDO LINES,Indonesia,,
IP,JOL,Atyrau Air Ways,EDIL,Kazakhstan,,
IQ,AUB,Augsburg Airways,AUGSBURG-AIR,Germany,,
IR,IRA,Iran Air,IRANAIR,Iran,,
IT,KFR,Kingfisher Airlines,KINGFISHER,India,,
IV,JET,Wind Jet,GHIBLI,Italy,,
IX,AXB,Air India Express,EXPRESS INDIA,India,,
IY,IYE,Yemenia,YEMENI,Yemen,,
IZ,AIZ,Arkia Israel Airlines,ARKIA,Israel,,
J2,AHY,Azerbaijan Airlines,AZAL,Azerbaijan,,
J3,PLR,Northwestern Air,POLARIS,Canada,,
J4,BFL,Buffalo Airways,BUFFALO,Canada,,
J6,AOC,AVCOM,AERO AVCOM,Russia,,
J7,DNM,Denim Air,DENIM,Netherlands,,
J8,BVT,Berjaya Air,BERJAYA,Malaysia,,
J9,JZR,Jazeera Airways,JAZEERA,Kuwait,,
JA,BON,Air Bosna,AIR BOSNA,Bosnia and Herzegovina,,
JB,JBA,Helijet,HELIJET,Canada,,
JC,JEX,JAL Express,JANEX,Japan,,
JE,MNO,Mango,TULCA,South Africa,,
JF,LAB,L.A.B. Flying Service,LAB,United States,,
JH,NES,Nordeste Linhas Aéreas Regionais,NORDESTE,Brazil,,
JJ,TAM,TAM Brazilian Airlines,TAM,Brazil,,
JL,JAL,Japan Airlines,JAPANAIR,Japan,,
JM,AJM,Air Jamaica,JAMAICA,Jamaica,,
JN,XLA,Excel Airways,EXPO,United Kingdom,,
JO,JAZ,JALways,JALWAYS,Japan,,
JP,ADR,Adria Airways,ADRIA,Slovenia,,
JQ,JST,Jetstar Airways,JETSTAR,Australia,,
JR,SER,Aero California,AEROCALIFORNIA,Mexico,,
JS,KOR,Air Koryo,AIR KORYO,Democratic People's Republic of Korea,,
JT,LNI,Lion Mentari Airlines,LION INTER,Indonesia,,
JU,JAT,Jat Airways,JAT,Serbia,,
JV,BLS,Bearskin Lake Air Service,BEARSKIN,Canada,,
JW,APW,Arrow Air,BIG A,United States,,
JX,JEC,Jett8 Airlines Cargo,,Singapore,,
JY,TCI,Air Turks and Caicos,KERRMONT,Turks and Caicos Islands,,
JZ,SKX,Avia Express,SKY EXPRESS,Sweden,,
K2,ELO,Eurolot,EUROLOT,Poland,,
K4,CKS,Kalitta Air,CONNIE,United States,,
K5,WAK,Wings of Alaska,WINGS ALASKA,United States,,
K6,BRV,Bravo Air Congo,BRAVO,Democratic Republic of the Congo,,
K8,ZAK,Airlink Zambia,,Zambia,,
K9,KFS,Kalitta Charters,KALITTA,United States,,
KA,HDA,"Dragonair, Hong Kong Dragon Airlines",DRAGON,Hong Kong,,
KB,DRK,Druk Air,ROYAL BHUTAN,Bhutan,,
KC,KZR,Air Astana,ASTANALINE,Kazakhstan,,
KD,KNI,KD Avia,KALININGRAD AIR,Russia,,
KE,KAL,Korean Air,KOREANAIR,Republic of Korea,,
KF,BLF,Blue1,BLUEFIN,Finland,,
KG,BNX,LAI - Línea Aérea IAACA,AIR BARINAS,Venezuela,,
KI,AAG,Air Atlantique,ATLANTIC,United Kingdom,,
KJ,LAJ,British Mediterranean Airways,BEE MED,United Kingdom,,
KK,KKK,Atlasjet,ATLASJET,Turkey,,
KL,KLM,KLM,KLM,Netherlands,,
KM,AMC,Air Malta,AIR MALTA,Malta,,
KN,CUA,China United Airlines,LIANHANG,China,,
KO,AER,Alaska Central Express,ACE AIR,United States,,
KP,KIA,Kiwi International Air Lines,KIWI AIR,United States,,
KQ,KQA,Kenya Airways,KENYA,Kenya,,
KR,CWK,Comores Airlines,CONTICOM,Comoros,,
KS,PEN,Peninsula Airways,PENINSULA,United States,,
KU,KAC,Kuwait Airways,KUWAITI,Kuwait,,
KV,MVD,Kavminvodyavia,AIR MINVODY,Russia,,
KW,WAN,Wataniya Airways,WATANIYA,Kuwait,,
KX,CAY,Cayman Airways,CAYMAN,Cayman Islands,,
KY,KYV,Kibris Türk Hava,AIRKIBRIS,Turkey,,
KZ,NCA,Nippon Cargo Airlines,NIPPON CARGO,Japan,,
L2,LYC,Lynden Air Cargo,LYNDEN,United States,,
L3,JOS,DHL de Guatemala,,Guatemala,,
L3,LTO,LTU Austria,BILLA TRANSPORT,Austria,,
L4,SSX,Lynx Aviation,SHASTA,United States,,
L5,LTR,Lufttransport,LUFT TRANSPORT,Norway,,
L6,VNZ,Tbilaviamsheni,TBILAVIA,Georgia,,
L7,LPN,Laoag International Airlines,LAOAG AIR,Philippines,,
L8,LXG,Air Luxor GB,LUXOR GOLF,Guinea-Bissau,,
L9,BTZ,Bristow U.S. LLC,BRISTOW,United States,,
LA,LAN,LAN Airlines,LAN,Chile,,
LB,LLB,Lloyd Aéreo Boliviano,LLOYDAEREO,Bolivia,,
LC,LOG,Logan Air,LOGAN,United Kingdom,,
LD,AHK,Air Hong Kong,AIR HONG KONG,Hong Kong,,
LF,NDC,FlyNordic,NORDIC,Sweden,,
LG,LGL,Luxair,LUXAIR,Luxembourg,,
LH,DLH,Lufthansa,LUFTHANSA,Germany,,
LI,LIA,Leeward Islands Air Transport,LIAT,Antigua and Barbuda,,
LJ,SLA,Sierra National Airlines,SELAIR,Sierra Leone,,
LK,LXR,Air Luxor,AIRLUXOR,Portugal,,
LM,LVG,Livingston,LIVINGSTON,Italy,,
LN,LAA,Libyan Arab Airlines,LIBAIR,Libya,,
LO,LOT,LOT Polish Airlines,POLLOT,Poland,,
LP,LPE,LAN Peru,LANPERU,Peru,,
LQ,LAQ,Lebanese Air Transport,LAT,Lebanon,,
LR,LRC,LACSA,LACSA,Costa Rica,,
LS,EXS,Jet2.com,CHANNEX,United Kingdom,,
LT,LTU,LTU International,LTU,Germany,,
LU,LXP,LAN Express,LANEX,Chile,,
LV,LBC,Albanian Airlines,ALBANIAN,Albania,,
LW,NMI,Pacific Wings,TSUNAMI,United States,,
LX,SWR,Swiss International Air Lines,SWISS,Switzerland,,
LY,ELY,El Al Israel Airlines,ELAL,Israel,,
M2,MZS,Mahfooz Aviation,MAHFOOZ,Gambia,,
M3,SPJ,Air Service,AIR SKOPJE,Macedonia,,
M4,NOV,Nova Airline,NOVANILE,Sudan,,
M5,KEN,Kenmore Air,KENMORE,United States,,
M6,AJT,Amerijet International,AMERIJET,United States,,
M7,MAA,MasAir,MAS CARGA,Mexico,,
M9,MSI,Motor Sich,MOTOR SICH,Ukraine,,
MA,MAH,Malév Hungarian Airlines,MALEV,Hungary,,
MB,EXA,Execair Aviation,CANADIAN EXECAIRE,Canada,,
MC,RCH,Air Mobility Command,REACH,United States,,
MD,MDG,Air Madagascar,AIR MADAGASCAR,Madagascar,,
ME,MEA,Middle East Airlines,CEDAR JET,Lebanon,,
MF,CXA,Xiamen Airlines,XIAMEN AIR,China,,
MG,CCP,Champion Air,CHAMPION AIR,United States,,
MH,MAS,Malaysia Airlines,MALAYSIAN,Malaysia,,
MI,SLK,SilkAir,SILKAIR,Singapore,,
MK,MAU,Air Mauritius,AIRMAURITIUS,Mauritius,,
ML,ETC,African Transport Trading and Investment Company,TRANATTICO,Sudan,,
MM,SAM,SAM Colombia,SAM,Colombia,,
MN,CAW,Comair,COMMERCIAL,South Africa,,
MO,CAV,Calm Air,CALM AIR,Canada,,
MP,MPH,Martinair,MARTINAIR,Netherlands,,
MQ,EGF,American Eagle Airlines,EAGLE FLIGHT,United States,,
MR,MRT,Air Mauritanie,MIKE ROMEO,Mauritania,,
MS,MSR,Egyptair,EGYPTAIR,Egypt,,
MT,TCX,Thomas Cook Airlines,KESTREL,United Kingdom,,
MU,CES,China Eastern Airlines,CHINA EASTERN,China,,
MW,MYD,Maya Island Air,MYLAND,Belize,,
MX,MXA,Mexicana de Aviación,MEXICANA,Mexico,,
MY,MWA,Midwest Airlines (Egypt),,Egypt,,
MZ,MNA,Merpati Nusantara Airlines,MERPATI,Indonesia,,
N2,DAG,Dagestan Airlines,DAGAL,Russia,,
N3,OMS,Omskavia Airline,OMSK,Russia,,
N4,NCN,National Airlines,,Chile,,
N5,SGY,Skagway Air Service,SKAGWAY AIR,United States,,
N6,JEV,Lagun Air,,Spain,,
N8,HGK,Fika Salaama Airlines,SALAAMA,Uganda,,
NB,SNB,Sterling Airlines,STERLING,Denmark,,
NC,NAC,Northern Air Cargo,YUKON,United States,,
NF,AVN,Air Vanuatu,AIR VAN,Vanuatu,,
NG,LDA,Lauda Air,LAUDA AIR,Austria,,
NH,ANA,All Nippon Airways,ALL NIPPON,Japan,,
NI,PGA,Portugalia,PORTUGALIA,Portugal,,
NK,NKS,Spirit Airlines,SPIRIT WINGS,United States,,
NL,SAI,Shaheen Air International,SHAHEEN AIR,Pakistan,,
NM,NZM,Mount Cook Airlines,MOUNTCOOK,New Zealand,,
NN,MOV,VIM Airlines,MOV AIR,Russia,,
NO,AUS,Aus-Air,,Australia,,
NQ,AJX,Air Japan,AIR JAPAN,Japan,,
NR,PIR,Pamir Airways,PAMIR,Afghanistan,,
NT,IBB,Binter Canarias,BINTER,Spain,,
NU,JTA,Japan Transocean Air,JAI OCEAN,Japan,,
NV,CRF,Air Central,AIR CENTRAL,Japan,,
NX,AMU,Air Macau,AIR MACAO,Macao,,
NY,FXI,Air Iceland,FAXI,Iceland,,
NZ,ANZ,Air New Zealand,NEW ZEALAND,New Zealand,,
O4,ABV,Antrak Air,ANTRAK,Ghana,,
O6,ONE,Oceanair,OCEANAIR,Brazil,,
O7,OZJ,Ozjet Airlines,AUSJET,Australia,,
OA,NOA,Olympic Air,OLYMPIC,Greece,,
OB,ASZ,Astrakhan Airlines,AIR ASTRAKHAN,Russia,,
OE,AOT,Asia Overnight Express,ASIA OVERNIGHT,Philippines,,
OF,FIF,Air Finland,AIR FINLAND,Finland,,
OH,COM,Comair,COMAIR,United States,,
OJ,OLA,Overland Airways,OVERLAND,Nigeria,,
OK,CSA,Czech Airlines,CSA-LINES,Czech Republic,,
OL,OLT,Ostfriesische Lufttransport,OLTRA,Germany,,
OM,MGL,MIAT Mongolian Airlines,MONGOL AIR,Mongolia,,
ON,RON,Nauru Air Corporation,AIR NAURU,Nauru,,
OO,SKW,SkyWest Airlines,SKYWEST,United States,,
OP,CHK,Chalk's International Airlines,CHALKS,United States,,
OR,TFL,Arkefly,ARKEFLY,Netherlands,,
OS,AUA,Austrian Airlines,AUSTRIAN,Austria,,
OT,PEL,Aeropelican Air Services,PELICAN,Australia,,
OU,CTN,Croatia Airlines,CROATIA,Croatia,,
OV,ELL,Estonian Air,ESTONIAN,Estonia,,
OW,EXK,Executive Airlines,EXECUTIVE EAGLE,United States,,
OX,OEA,Orient Thai Airlines,ORIENT THAI,Thailand,,
OY,OAE,Omni Air International,OMNI-EXPRESS,United States,,
OZ,AAR,Asiana Airlines,ASIANA,Republic of Korea,,
P5,RPB,AeroRepública,AEROREPUBLICA,Colombia,,
P7,ESL,Russian Sky Airlines,RADUGA,Russia,,
P8,PTN,Pantanal Linhas Aéreas,PANTANAL,Brazil,,
P9,PVN,Peruvian Airlines,,Peru,,
PA,PAA,Pan American World Airways,CLIPPER,United States,,
PC,FAJ,Air Fiji,FIJIAIR,Fiji,,
PD,POE,Porter Airlines,PORTER AIR,Canada,,
PE,AEL,Air Europe,AIR EUROPE,Italy,,
PF,PNW,Palestinian Airlines,PALESTINIAN,Egypt,,
PG,BKP,Bangkok Airways,BANGKOK AIR,Thailand,,
PH,PAO,Polynesian Airlines,POLYNESIAN,Samoa,,
PI,SUF,Sun Air (Fiji),SUNFLOWER,Fiji,,
PJ,SPM,Air Saint Pierre,SAINT-PIERRE,France,,
PK,PIA,Pakistan International Airlines,PAKISTAN,Pakistan,,
PL,ASE,Airstars,MOROZOV,Russia,,
PM,TOS,Tropic Air,TROPISER,Belize,,
PO,PAC,Polar Air Cargo,POLAR,United States,,
PR,PAL,Philippine Airlines,PHILIPPINE,Philippines,,
PS,AUI,Ukraine International Airlines,UKRAINE INTERNATIONAL,Ukraine,,
PT,SWN,West Air Sweden,AIR SWEDEN,Sweden,,
PU,PUA,PLUNA,PLUNA,Uruguay,,
PV,PNR,PAN Air,SKYJET,Spain,,
PW,PRF,Precision Air,PRECISION AIR,Tanzania,,
PX,ANG,Air Niugini,NUIGINI,Papua New Guinea,,
PY,SLM,Surinam Airways,SURINAM,Suriname,,
PZ,LAP,TAM Mercosur,PARAGUAYA,Paraguay,,
Q3,MBN,Zambian Airways,ZAMBIANA,Zambia,,
Q4,TLK,Starlink Aviation,STARLINK,Canada,,
Q5,MLA,40-Mile Air,MILE-AIR,United States,,
Q6,CDP,Aero Condor Peru,CONDOR-PERU,Peru,,
Q8,PEC,Pacific East Asia Cargo Airlines,PAC-EAST CARGO,Philippines,,
Q9,AFU,Afrinat International Airlines,AFRINAT,Gambia,,
QB,GFG,Georgian National Airlines,NATIONAL,Georgia,,
QC,CRD,Air Corridor,AIR CORRIDOR,Mozambique,,
QD,QCL,Air Class Líneas Aéreas,ACLA,Uruguay,,
QE,ECC,Crossair Europe,Cigogne,Switzerland,,
QF,QFA,Qantas,QANTAS,Australia,,
QH,FLZ,Aero Leasing,AIR FLORIDA,United States,,
QI,CIM,Cimber Sterling,CIMBER,Denmark,,
QK,JZA,Air Canada Jazz,JAZZ,Canada,,
QL,RLN,Aero Lanka,AERO LANKA,Sri Lanka,,
QM,AML,Air Malawi,MALAWI,Malawi,,
QN,ARR,Air Armenia,AIR ARMENIA,Armenia,,
QO,MPX,Aeromexpress,AEROMEXPRESS,Mexico,,
QQ,UTY,Alliance Airlines,UNITY,Australia,,
QR,QTR,Qatar Airways,QATARI,Qatar,,
QS,TVS,Travel Service,SKYTRAVEL,Czech Republic,,
QT,TPA,TAMPA,TAMPA,Colombia,,
QU,UTN,UTair-Ukraine,UT Ukraine,Ukraine,,
QV,LAO,Lao Airlines,LAO,Lao Peoples Democratic Republic,,
QX,QXE,Horizon Air,HORIZON AIR,United States,,
QY,BCS,European Air Transport,EUROTRANS,Belgium,,
QZ,AWQ,Indonesia AirAsia,WAGON AIR,Indonesia,,
R0,RPK,Royal Airlines,ROYAL PAKISTAN,Pakistan,,
R2,ORB,Orenburg Airlines,ORENBURG,Russia,,
R3,SYL,Aircompany Yakutia,AIR YAKUTIA,Russia,,
R5,MAC,Malta Air Charter,MALTA CHARTER,Malta,,
R7,OCA,Aserca Airlines,AROSCA,Venezuela,,
R8,KGA,Kyrgyzstan Airlines,KYRGYZ,Kyrgyzstan,,
R9,CAM,Camai Air,AIR CAMAI,United States,,
RA,RNA,Nepal Airlines,ROYAL NEPAL,Nepal,,
RB,SYR,Syrian Arab Airlines,SYRIANAIR,Syrian Arab Republic,,
RC,FLI,Atlantic Airways,FAROELINE,Faroe Islands,,
RD,RYN,Ryan International Airlines,RYAN INTERNATIONAL,United States,,
RE,REA,Aer Arann,AER ARANN,Ireland,,
RF,FWL,Florida West International Airways,FLO WEST,United States,,
RG,VRN,VRG Linhas Aéreas,VARIG,Brazil,,
RH,RPH,Republic Express Airlines,PUBLIC EXPRESS,Indonesia,,
RI,MDL,Mandala Airlines,MANDALA,Indonesia,,
RJ,RJA,Royal Jordanian,JORDANIAN,Jordan,,
RK,RKH,Royal Khmer Airlines,KHMER AIR,Cambodia,,
RL,PPW,Royal Phnom Penh Airways,PHNOM-PENH AIR,Cambodia,,
RO,ROT,Tarom,TAROM,Romania,,
RP,CHQ,Chautauqua Airlines,CHAUTAUQUA,United States,,
RQ,KMF,Kam Air,KAMGAR,Afghanistan,,
RR,RFR,Royal Air Force,RAFAIR,United Kingdom,,
RS,ICT,Intercontinental de Aviación,CONTAVIA,Colombia,,
RS,SKV,Sky Regional Airlines,MAPLE,Canada,,
RU,SKI,SkyKing Turks and Caicos Airways,SKYKING,Turks and Caicos Islands,,
RV,CPN,Caspian Airlines,CASPIAN,Iran,,
RW,RPA,Republic Airlines,BRICKYARD,United States,,
S0,OKS,Slok Air Gambia,SLOK GAMBIA,Gambia,,
S2,RSH,Air Sahara,SAHARA,India,,
S3,BBR,Santa Barbara Airlines,SANTA BARBARA,Venezuela,,
S4,RZO,SATA International,AIR AZORES,Portugal,,
S5,TCF,Shuttle America,MERCURY,United States,,
S7,SBI,S7 Airlines,SIBERIAN AIRLINES,Russia,,
S8,SWW,Shovkoviy Shlyah,WAY AERO,Ukraine,,
S9,HSA,East African Safari Air,DUMA,Kenya,,
SA,SAA,South African Airways,SPRINGBOK,South Africa,,
SB,ACI,Air Caledonie International,AIRCALIN,France,,
SC,CDG,Shandong Airlines,SHANDONG,China,,
SD,SUD,Sudan Airways,SUDANAIR,Sudan,,
SE,SEU,XL Airways France,STARWAY,France,,
SF,DTH,Tassili Airlines,TASSILI AIR,Algeria,,
SG,SEJ,Spicejet,SPICEJET,India,,
SH,FLY,Fly Me Sweden,FLYBIRD,Sweden,,
SI,SIH,Skynet Airlines,BLUEJET,Ireland,,
SJ,FOM,Freedom Air,FREE AIR,New Zealand,,
SK,SAS,Scandinavian Airlines,SCANDINAVIAN,"Sweden, Denmark and Norway",,
SM,SRL,Swedline Express,Starline,Sweden,,
SN,BEL,Brussels Airlines,BEE-LINE,Belgium,,
SO,HKA,Superior Aviation,SPEND AIR,United States,,
SP,SAT,SATA Air Acores,SATA,Portugal,,
SQ,SIA,Singapore Airlines,SINGAPORE,Singapore,,
SS,CRL,Corsairfly,CORSAIR,France,,
ST,GMI,Germania,GERMANIA,Germany,,
SU,AFL,Aeroflot Russian Airlines,AEROFLOT,Russia,,
SV,SVA,Saudi Arabian Airlines,SAUDIA,Saudi Arabia,,
SW,NMB,Air Namibia,NAMIBIA,Namibia,,
SY,SCX,Sun Country Airlines,SUN COUNTRY,United States,,
SZ,WOW,Air Southwest,SWALLOW,United Kingdom,,
T2,TCG,Thai Air Cargo,THAI CARGO,Thailand,,
T3,EZE,Eastern Airways,EASTFLIGHT,United Kingdom,,
T4,HEJ,Hellas Jet,HELLAS JET,Greece,,
T6,TVR,Tavrey Airlines,TAVREY,Ukraine,,
T7,TJT,Twin Jet,TWINJET,France,,
T9,TSX,Thai Star Airlines,THAI STAR,Thailand,,
TC,ATC,Air Tanzania,TANZANIA,Tanzania,,
TD,TLP,Tulip Air,TULIPAIR,Netherland,,
TE,IGA,Skytaxi,IGUANA,Poland,,
TF,SCW,Malmö Aviation,SCANWING,Sweden,,
TG,THA,Thai Airways International,THAI,Thailand,,
TH,TSE,Transmile Air Services,TRANSMILE,Malaysia,,
TI,TOL,Tol-Air Services,TOL AIR,United States,,
TK,THY,Turkish Airlines,TURKISH,Turkey,,
TL,ANO,Airnorth,TOPEND,Australia,,
TM,LAM,Linhas Aéreas de Moçambique,MOZAMBIQUE,Mozambique,,
TN,THT,Air Tahiti Nui,TAHITI AIRLINES,France,,
TO,PSD,President Airlines,,Cambodia,,
TP,TAP,TAP Portugal,AIR PORTUGAL,Portugal,,
TQ,TDM,Tandem Aero,TANDEM,Moldova,,
TR,TGW,Tiger Airways,GO CAT,Singapore,,
TS,TSC,Air Transat,AIR TRANSAT,Canada,,
TT,TGW,Tiger Airways Australia,GO CAT,Australia,,
TU,TAR,Tunisair,TUNAIR,Tunisia,,
TV,VEX,Virgin Express,VIRGIN EXPRESS,Belgium,,
TX,FWI,Air Caraïbes,FRENCH WEST,France,,
TY,TPC,Air Calédonie,AIRCAL,France,,
TZ,AMT,ATA Airlines,AMTRAN,United States,,
U2,EZY,easyJet,EASY,United Kingdom,,
U3,AIA,Avies,AVIES,Estonia,,
U4,PMT,PMTair,MULTITRADE,Cambodia,,
U5,GWY,USA3000 Airlines,GETAWAY,United States,,
U6,SVR,Ural Airlines,SVERDLOVSK AIR,Russia,,
U7,JUS,USA Jet Airlines,JET USA,United States,,
U8,RNV,Armavia,ARMAVIA,Armenia,,
UA,UAL,United Airlines,UNITED,United States,,
UB,UBA,Myanma Airways,UNIONAIR,Myanmar,,
UD,HER,Hex'Air,HEX AIRLINE,France,,
UE,TEP,Transeuropean Airlines,TRANSEURLINE,Russia,,
UF,UKM,UM Airlines,UKRAINE MEDITERRANEE,Ukraine,,
UG,SEN,SevenAir,S-BAR,United States,,
UH,USH,US Helicopter,US-HELI,United States,,
UI,ECA,Eurocypria Airlines,EUROCYPRIA,Cyprus,,
UL,ALK,SriLankan Airlines,SRILANKAN,Sri Lanka,,
UM,AZW,Air Zimbabwe,AIR ZIMBABWE,Zimbabwe,,
UN,TSO,Transaero Airlines,TRANSOVIET,Russia,,
UO,HKE,Hong Kong Express Airways,HONGKONG SHUTTLE,Hong Kong SAR of China,,
UP,BHS,Bahamasair,BAHAMAS,Bahamas,,
US,USA,USAir,,United States,,
UT,UTA,UTair Aviation,UTAIR,Russia,,
UU,REU,Air Austral,REUNION,France,,
UX,AEA,Air Europa,EUROPA,Spain,,
UZ,BRQ,El-Buraq Air Transport,BURAQAIR,Libya,,
V0,VCV,Conviasa,CONVIASA,Venezuela,,
V2,RBY,Vision Airlines,RUBY,United States,,
V3,KRP,Carpatair,CARPATAIR,Romania,,
V4,REK,Reem Air,REEM AIR,Kyrgyzstan,,
V5,VLI,Avolar Aerolíneas,AEROVOLAR,Mexico,,
V7,VOE,Volotea,,,,
V8,VAS,ATRAN Cargo Airlines,ATRAN,Russian Federation,,
V9,BTC,BAL Bashkirian Airlines,BASHKIRIAN,Russia,,
VA,VAU,V Australia Airlines,VEE-OZ,Australia,,
VB,VIV,Aeroenlaces Nacionales,AEROENLACES,Mexico,,
VC,VAL,Voyageur Airways,VOYAGEUR,Canada,,
VD,KPA,Kunpeng Airlines,KUNPENG,China,,
VE,VLE,Volare Airlines,VOLA,Italy,,
VF,VLU,Valuair,VALUAIR,Singapore,,
VG,VLM,VLM Airlines,RUBENS,Belgium,,
VH,ALV,Aeropostal Alas de Venezuela,AEROPOSTAL,Venezuela,,
VI,VDA,Volga-Dnepr Airlines,VOLGA-DNEPR,Russia,,
VJ,AFF,Africa Airways,AFRIWAYS,Benin,,
VK,VGN,Virgin Nigeria Airways,VIRGIN NIGERIA,Nigeria,,
VL,VIM,Air VIA,,Bulgaria,,
VM,VOA,Viaggio Air,VIAGGIO,Bulgaria,,
VN,HVN,Vietnam Airlines,VIET NAM AIRLINES,Vietnam,,
VO,TYR,Austrian Arrows,TYROLEAN,Austria,,
VP,VSP,VASP,VASP,Brazil,,
VR,TCV,TACV,CABOVERDE,Cape Verde,,
VS,VIR,Virgin Atlantic Airways,VIRGIN,United Kingdom,,
VT,VTA,Air Tahiti,AIR TAHITI,French Polynesia,,
VU,VUN,Air Ivoire,AIRIVOIRE,Ivory Coast,,
VV,AEW,Aerosvit Airlines,AEROSVIT,Ukraine,,
VW,TAO,Aeromar,TRANS-AEROMAR,Mexico,,
VX,VRD,Virgin America,REDWOOD,United States,,
VY,VLG,Vueling Airlines,VUELING,Spain,,
W1,WDL,WDL Aviation,WDL,Germany,,
W2,CWA,Canadian Western Airlines,CANADIAN WESTERN,Canada,,
W3,FYH,Flyhy Cargo Airlines,FLY HIGH,Thailand,,
W4,BES,Aero Services Executive,BIRD EXPRESS,France,,
W5,IRM,Mahan Air,MAHAN AIR,Iran,,
W6,WVL,Wizz Air,WIZZBUL,Bulgaria,,
W8,CJT,Cargojet Airways,CARGOJET,Canada,,
W9,JAB,Air Bagan,AIR BAGAN,Myanmar,,
WA,KLC,KLM Cityhopper,CITY,Netherlands,,
WB,RWD,Rwandair Express,RWANDAIR,Rwanda,,
WC,ISV,Islena De Inversiones,,Honduras,,
WD,AAN,Amsterdam Airlines,AMSTEL,Netherlands,,
WE,CWC,Centurion Air Cargo,CHALLENGE CARGO,United States,,
WF,WIF,Widerøe,WIDEROE,Norway,,
WG,SWG,Sunwing Airlines,SUNWING,Canada,,
WH,WEB,WebJet Linhas Aéreas,WEB-BRASIL,Brazil,,
WK,EDW,Edelweiss Air,EDELWEISS,Switzerland,,
WN,SWA,Southwest Airlines,SOUTHWEST,United States,,
WO,WOA,World Airways,WORLD,United States,,
WR,HRH,Royal Tongan Airlines,TONGA ROYAL,Tonga,,
WS,WJA,WestJet,WESTJET,Canada,,
WT,WSG,Wasaya Airways,WASAYA,Canada,,
WV,SWV,Swe Fly,FLYING SWEDE,Sweden,,
WW,BMI,Bmibaby,BABY,United Kingdom,,
WX,BCY,CityJet,CITY-IRELAND,Ireland,,
WY,OMA,Oman Air,OMAN AIR,Oman,,
WZ,WSF,West African Airlines,,Benin,,
X3,HLX,Hapag-Lloyd Express (TUIfly),YELLOW CAB,Germany,,
X7,CHF,Chitaavia,CHITA,Russia,,
XE,BTA,ExpressJet,JET LINK,United States,,
XF,VLK,Vladivostok Air,VLADAIR,Russia,,
XG,CLI,Calima Aviación,CALIMA,Spain,,
XJ,MES,Mesaba Airlines,MESABA,United States,,
XK,CCM,Corse-Mediterranee,CORSICA,France,,
XL,LNE,Aerolane,AEROLANE,Ecuador,,
XO,CXH,China Xinhua Airlines,XINHUA,China,,
XP,CXP,Xtra Airways,CASINO EXPRESS,United States,,
XQ,SXS,SunExpress,SUNEXPRESS,Turkey,,
XS,SIT,SITA,,Belgium,,
XT,SKT,SkyStar Airways,SKY YOU,Thailand,,
Y4,VOI,Volaris,VOLARIS,Mexico,,
Y5,PCE,Pace Airlines,PACE,United States,,
Y6,BTV,Batavia Air,BATAVIA,Indonesia,,
Y8,YZR,Yangtze River Express,YANGTZE RIVER,China,,
Y9,IRK,Kish Air,KISHAIR,Iran,,
YE,ACQ,Aryan Cargo Express,,India,,
YH,WCW,West Caribbean Airways,WEST,Colombia,,
YK,KYV,Cyprus Turkish Airlines,AIRKIBRIS,Turkey,,
YL,LLM,Yamal Airlines,YAMAL,Russia,,
YM,MGX,Montenegro Airlines,MONTENEGRO,Montenegro,,
YS,RAE,Régional Compagnie Aérienne Européenne,REGIONAL EUROPE,France,,
YV,ASH,Mesa Airlines,AIR SHUTTLE,United States,,
YW,ANE,Air Nostrum,AIR NOSTRUM,Spain,,
YX,MEP,Midwest Airlines,MIDEX,United States,,
Z3,SMJ,Avient Aviation,AVAVIA,Zimbabwe,,
Z5,GMG,GMG Airlines,GMG,Bangladesh,,
Z8,AZN,Amaszonas,,Bolivia,,
ZA,SUW,Interavia Airlines,ASTAIR,Russia,,
ZB,MON,Monarch Airlines,MONARCH,United Kingdom,,
ZE,AZE,Arcus-Air Logistic,ARCUS AIR,Germany,,
ZG,VVM,Viva Macau,JACKPOT,Macao,,
ZH,CSZ,Shenzhen Airlines,SHENZHEN AIR,China,,
ZI,AAF,Aigle Azur,AIGLE AZUR,France,,
ZK,GLA,Great Lakes Airlines,LAKES AIR,United States,,
ZL,RXA,Regional Express,REX,Australia,,
ZP,AZQ,Silk Way Airlines,SILK LINE,Azerbaijan,,
ZS,SMY,Sama Airlines,NAJIM,Saudi Arabia,,
ZT,AWC,Titan Airways,ZAP,United Kingdom,,
ZU,HCY,Helios Airways,HELIOS,Cyprus,,
ZV,AMW,Air Midwest,AIR MIDWEST,United States,,
ZW,AWI,Air Wisconsin,AIR WISCONSIN,United States,,
ZX,GGN,Air Georgian,GEORGIAN,Canada,,